internal_id,payment_ref,utr,gross_amount,order_date,customer_name,status
ORD_5001,pay_DEMO_101,UTR987654321001,1500,2026-08-15T10:00:00Z,Rahul Sharma,COMPLETED
ORD_5002,pay_DEMO_102,UTR987654321002,4500,2026-08-15T11:30:00Z,Priya Patel,COMPLETED
ORD_5003,pay_DEMO_103_ST,UTR987654321003,3200,2026-08-15T12:00:00Z,Vikram S.,COMPLETED
ORD_5004,pay_DEMO_104,UTR987654321004,2200,2026-08-16T08:30:00Z,Ananya Iyer,COMPLETED
ORD_5005,pay_DEMO_105,UTR987654321005,3800,2026-08-16T10:50:00Z,Rohan Mehta,COMPLETED
ORD_5006,pay_DEMO_106,UTR987654321006,6700,2026-08-17T14:00:00Z,Sneha Reddy,COMPLETED
ORD_5007,pay_DEMO_107,UTR987654321007,990,2026-08-17T07:45:00Z,Arjun Nair,COMPLETED
ORD_5008,pay_DEMO_108,UTR987654321008,12500,2026-08-18T10:00:00Z,Kavya Krishnan,COMPLETED
ORD_5009,pay_DEMO_109,UTR987654321009,3300,2026-08-17T12:30:00Z,Aditya Verma,COMPLETED
ORD_5010,pay_DEMO_110,UTR987654321010,1750,2026-08-18T09:15:00Z,Ishita Malhotra,COMPLETED
ORD_5011,pay_DEMO_111,UTR987654321011,8900,2026-08-19T11:45:00Z,Karan Kapoor,COMPLETED
ORD_5012,pay_DEMO_112,UTR987654321012,2400,2026-08-18T15:30:00Z,Neha Joshi,COMPLETED
ORD_5013,pay_DEMO_113,UTR987654321013,5600,2026-08-19T08:30:00Z,Siddharth Rao,COMPLETED
ORD_5014,pay_DEMO_114,UTR987654321014,1200,2026-08-19T11:00:00Z,Pooja Desai,COMPLETED
ORD_5015,pay_DEMO_115,UTR987654321015,7300,2026-08-20T14:50:00Z,Manish Gupta,COMPLETED
ORD_5016,pay_DEMO_116,UTR987654321016,4100,2026-08-20T08:10:00Z,Divya Menon,COMPLETED
ORD_5017,pay_DEMO_117,UTR987654321017,2900,2026-08-20T10:20:00Z,Rajesh Kumar,COMPLETED
ORD_5018,pay_DEMO_118,UTR987654321018,15000,2026-08-21T12:40:00Z,Shreya Bansal,COMPLETED
ORD_5019,pay_DEMO_119,UTR987654321019,850,2026-08-21T08:55:00Z,Amit Chopra,COMPLETED
ORD_5020,pay_DEMO_120,UTR987654321020,3600,2026-08-21T11:30:00Z,Nisha Pillai,COMPLETED
ORD_5021,pay_DEMO_121,UTR987654321021,9800,2026-08-22T14:00:00Z,Varun Khanna,COMPLETED
ORD_5022,pay_DEMO_122,UTR987654321022,2100,2026-08-22T08:45:00Z,Meera Iyengar,COMPLETED
ORD_5023,pay_DEMO_123,UTR987654321023,4700,2026-08-22T11:15:00Z,Sanjay Bhatt,COMPLETED
ORD_5024,pay_DEMO_124,UTR987654321024,1300,2026-08-23T14:30:00Z,Ritu Saxena,COMPLETED
ORD_5025,pay_DEMO_125,UTR987654321125,6200,2026-08-23T08:30:00Z,Gaurav Agrwal,COMPLETED
ORD_5026,pay_DEMO_126_B,UTR987654321126,3300,2026-08-24T09:30:00Z,Tanvi Shah,COMPLETED
ORD_5027,pay_DEMO_127,UTR987654321127,2600,2026-08-18T09:00:00Z,Harish Pandey,COMPLETED
ORD_5028,pay_DEMO_128,UTR987654321128,4400,2026-08-24T09:00:00Z,S. Kulkarni,COMPLETED
ORD_5029,pay_DEMO_129X,UTR987654321129,1900,2026-08-24T10:30:00Z,Deepak Choudhary,COMPLETED
ORD_5030,pay_DEMO_130,UTR987654321130,5100,2026-08-23T13:30:00Z,Anjali B.,COMPLETED
ORD_5031,pay_DEMO_131,UTR987654321131,2999,2026-08-24T08:30:00Z,Nikhil Rana,COMPLETED
ORD_5032,pay_DEMO_135,UTR987654321135,3100,2026-08-23T11:00:00Z,Rakesh Yadav,COMPLETED
ORD_5033,pay_DEMO_136,UTR987654321136,2200,2026-08-23T14:00:00Z,Anita Desai,PENDING_SETTLEMENT
ORD_5034,pay_DEMO_137,UTR987654321137,8700,2026-08-24T09:30:00Z,Suresh Iyer,COMPLETED
ORD_5035,pay_DEMO_138,UTR987654321200,4000,2026-08-24T09:00:00Z,Kritika Arora,COMPLETED
ORD_5036,pay_DEMO_141,UTR987654321201,2600,2026-08-25T14:00:00Z,Radhika Nambiar,COMPLETED
ORD_5037,pay_DEMO_142,UTR987654321201,2600,2026-08-25T14:10:00Z,Ajay Mishra,COMPLETED
ORD_5038,pay_DEMO_143,UTR987654321143,6000,2026-08-27T10:00:00Z,Lakshmi Venkatesh,COMPLETED
